[{
	"companyName": "Camimbo",
	"firstName": "Orelee",
	"lastName": "Burnyate",
	"email": "oburnyate0@acquirethisname.com",
	"website": "Waved albatross",
	"gstNo": "61"
}, {
	"companyName": "Rhynyx",
	"firstName": "Whitney",
	"lastName": "Di Carlo",
	"email": "wdicarlo1@last.fm",
	"website": "Beaver, north american",
	"gstNo": "5317"
}, {
	"companyName": "Skajo",
	"firstName": "Jaymie",
	"lastName": "Hens",
	"email": "jhens2@taobao.com",
	"website": "Little cormorant",
	"gstNo": "033"
}, {
	"companyName": "Avamba",
	"firstName": "Ashla",
	"lastName": "Limerick",
	"email": "alimerick3@dailymotion.com",
	"website": "Eastern boa constrictor",
	"gstNo": "464"
}, {
	"companyName": "Camimbo",
	"firstName": "Sid",
	"lastName": "Dellar",
	"email": "sdellar4@nyu.edu",
	"website": "Serval",
	"gstNo": "64"
}, {
	"companyName": "Buzzshare",
	"firstName": "Pattie",
	"lastName": "Semon",
	"email": "psemon5@ihg.com",
	"website": "Macaw, blue and yellow",
	"gstNo": "91126"
}, {
	"companyName": "Zoombox",
	"firstName": "Laverna",
	"lastName": "Vokins",
	"email": "lvokins6@xinhuanet.com",
	"website": "Tortoise, radiated",
	"gstNo": "88307"
}, {
	"companyName": "Edgetag",
	"firstName": "Nicky",
	"lastName": "Beadel",
	"email": "nbeadel7@desdev.cn",
	"website": "Blue and gold macaw",
	"gstNo": "167"
}, {
	"companyName": "Devpoint",
	"firstName": "Cynde",
	"lastName": "Rotham",
	"email": "crotham8@people.com.cn",
	"website": "Rattlesnake, dusky",
	"gstNo": "1"
}, {
	"companyName": "Demimbu",
	"firstName": "Tammara",
	"lastName": "Aimable",
	"email": "taimable9@nydailynews.com",
	"website": "Seal, southern elephant",
	"gstNo": "597"
}]